"Country","Continent","Date","GDP","GNI","Live births number","Live births rate","Deaths number","Death rate","Rate of increase","Infant deaths number","Infant deaths rate (per 1000 births)","Life expectancy at birth male","Life expectancy at birth female","Total fertility rate"
"Brunei Darussalam ","Asia","2008","16360","49910","6424","16.1","1091","2.7","13.4","45","7","76.6","79.8","1.7"
"Sweden ","Europe","2010","539682","42200","115641","12.3","90487","9.6","2.7","294","2.5","79.5","83.5","1.99"
"Switzerland ","Europe","2010","659308","52570","80290","10.3","62649","8","2.3","307","3.8","79.9","84.4","1.54"
"Italy ","Europe","2008","2193971","32400","576659","9.6","578192","9.7","0","1997","3.5","78.8","84.1","1.41"
"Fiji ","Oceania","2007","3818","4610","19298","23.1"," "," "," "," "," ","65.3","69.6"," "
"Estonia ","Europe","2010","22155","20850","15825","11.8","15790","11.8","0","53","3.3","70.6","80.7","1.64"
"Pakistan","Asia","2007","210216","2870","3830973","24","1019533","6.4","17.6","288192","75.2","63.6","67.6","3.7"
"Saudi Arabia","Asia","2009","576824","24700","601949"," ","98289"," "," ","10409"," ","72.5","74.7","3.04"
"Bangladesh","Asia","2010","111879","1940","2868494"," ","842095"," "," ","104591"," ","66.7","68.8","2.12"
"Réunion","Africa","2009"," ","86440","14299","17.5","4109","5","12.5"," "," ","74.9","82.7"," "
"Seychelles","Africa","2011","1007","25140","1625","18.6","691","7.9","10.7","16"," ","67.7","78.1","2.38"
"Finland ","Europe","2009","263011","37670","60163","11.3","49636","9.3","2","158","2.6","76.5","83.1","1.86"
"Egypt ","Africa","2011","229531","8510","2442094","30.4","493096","6.1","24.2"," "," ","68.6","71.4"," "
"Portugal","Europe","2010","237374","24440","101381","9.5","105953","10","-0.4","255","2.5","76.1","82.1"," "
"Maldives","Asia","2010","2050","7430","7115","22.3","1105","3.5","18.8","78","11","72.6","74.4"," "
"China, Macao SAR","Asia","2010","36428","8390","5114","9.4","1774","3.3","6.1","15"," ","79.5","85.4","1.06"
"Russian Federation ","Europe","2009","1857770","20560","1761687","12.4","2010543","14.2","-1.8","14271","8.1","62.8","74.7","1.54"
"Tajikistan ","Asia","2009","6522","2300","199800"," ","32300"," "," "," "," ","70.5","75.3"," "
"Denmark","Europe","2010","333616","41900","63411","11.4","54368","9.8","1.6","216","3.4","77.1","81.2","1.88"
"Nicaragua","North_America","2010","9317","3730"," "," "," "," "," "," "," ","63.4","68.9",""
"Dominica ","North_America","2008","484","13000","964","13.5","545","7.6","5.9"," "," ","73.8","78.2",""
"Mongolia ","Asia","2010","8761","4290","63270","22.9","18293","6.6","16.3","1275","20.2","64.9","72.3","2.39"
"Azerbaijan ","Asia","2010","63404","8960","165643","18.3","53580","5.9","12.4","1843","11.1","70.9","76.1"," "
"Faeroe Islands ","Europe","2008","2198","","665","13.7","378","7.8","5.9"," "," ","76.8","82.3"," "
"New Zealand ","Oceania","2011","159706","28930","61403","13.9","30082","6.8","7.1","290","4.7","79.1","82.8","2.06"
"Slovakia ","Europe","2010","95994","22130","60410","11.1","53445","9.8","1.3","344","5.7","71.6","78.8","1.4"
"Malawi","Africa","2007","5621","870","626181"," ","206527"," "," "," "," ","45.7","48.3"," "
"Algeria ","Africa","2010","188681","8310","887810","24.7","157000"," "," "," "," ","75.6","77"," "
"Oman","Asia","2008","71782","25720","58280"," ","7298"," "," ","534"," ","72.2","75.7","2.61"
"Bulgaria ","Europe","2010","53514","14160","75513","10","110165","14.6","-4.6","708","9.4","70","77.2","1.49"
"Occupied Palestinian Territory","Asia","2011"," ","61460"," "," "," "," "," "," "," ","71","73.9"," "
"Argentina","South_America","2010","446044","17130","756176","18.7","318602","7.9","10.8","8961","11.9","71.6","79.1","2.39"
"China, Hong Kong SAR ","Asia","2009","248612","8390","82095","11.7","41175","5.9","5.8","136","1.7","79.7","85.9","1.04"
"Senegal ","Africa","2011","14291","1940"," "," "," "," "," "," "," ","56.9","59.8"," "
"Cyprus","Asia","2007","24690","30970","8575","10.9","5391","6.9","4.1","32","3.7","78.3","81.9","1.39"
"Republic of Korea ","Asia","2010","1116247","86440","470171","9.4","255403","5.1","4.3","1506","3.2","77.2","84.1","1.23"
"Kyrgyzstan ","Asia","2010","5919","2180","146123","28.1","36174","7","21.2","3337","22.8","65.3","73.5","3.06"
"Hungary ","Europe","2010","140029","20310","90335","9","130456","13","-4","481","5.3","70.5","78.1","1.26"
"France","Europe","2009","2773032","35910","793420","12.7","538116","8.6","4.1","2903","3.7","77.6","84.4"," "
"Germany ","Europe","2011","3600833","40230","662685","8.1","852328","10.4","-2.3","2408","3.6","77.7","82.7"," "
"Mexico ","North_America","2008","1153343","15390","2243145"," ","538288","5"," ","29519"," ","72.8","77.5","2.1"
"French Polynesia ","Oceania","2010"," ","","4579","17.1","1261","4.7","12.4","25"," ","73.2","78.3"," "
"Turkey ","Asia","2009","774983","16940","1254946","17.4","367971"," "," ","19431","15.5","71.5","76.1","2.12"
"Luxembourg","Europe","2007","59201","64260","5477","11.4","3866","8.1","3.4","10"," ","77.6","82.7","1.61"
"Venezuela (Bolivarian Republic of) ","South_America","2007","316482","4330","615371","22.4","118594","4.3","18.1","6340","10.3","70.7","76.6","2.58"
"Ecuador","South_America","2010","65945","8510","219162"," ","61681"," "," ","3204"," ","72.1","78","1.9"
"Martinique","North_America","2007"," ","","5317","13.4","2830","7.1","6.3","47","8.8","76.5","82.9",""
"Viet Nam","Asia","2011","123600","12430"," "," "," "," "," "," "," ","70.4","75.8","1.99"
"Austria ","Europe","2010","417656","42050","78742","9.4","77199","9.2","0.2","307","3.9","77.7","83.2","1.44"
"Iceland ","Europe","2010","14026","31020","4907","15.4","2020","6.4","9.1","11"," ","79.5","83.5","2.2"
