"Country","Continent","Date","GDP","GNI","Live births number","Live births rate","Deaths number","Death rate","Rate of increase","Infant deaths number","Infant deaths rate (per 1000 births)","Life expectancy at birth male","Life expectancy at birth female","Total fertility rate"
"Israel ","Asia","2010","242929","27110","166255","21.8","39624","5.2","16.6","616","3.7","79.7","83.6","3.03"
"Democratic People's Republic of Korea ","Asia","2008","1116247","24370","345630","14.4","216616","9","5.4","6686","19.3","65.6","72.7","2"
"Finland ","Europe","2009","263011","37670","60163","11.3","49636","9.3","2","158","2.6","76.5","83.1","1.86"
"Austria ","Europe","2010","417656","42050","78742","9.4","77199","9.2","0.2","307","3.9","77.7","83.2","1.44"
"Bermuda","North_America","2010","5765"," ","769","11.9","475","7.4","4.6"," "," ","76.9","82.3","1.76"
"Luxembourg","Europe","2007","59201","64260","5477","11.4","3866","8.1","3.4","10"," ","77.6","82.7","1.61"
"New Caledonia","Oceania","2010"," "," ","4178","16.7","1191","4.8","11.9","19"," ","74.4","80.7",""
"Belarus ","Europe","2010","55132","14460","108050","11.4","137132","14.5","-3.1","429","4","64.6","76.5"," "
"Tajikistan ","Asia","2009","6522","2300","199800"," ","32300"," "," "," "," ","70.5","75.3"," "
"Kyrgyzstan ","Asia","2010","5919","2180","146123","28.1","36174","7","21.2","3337","22.8","65.3","73.5","3.06"
"Seychelles","Africa","2011","1007","25140","1625","18.6","691","7.9","10.7","16"," ","67.7","78.1","2.38"
"Pakistan","Asia","2007","210216","2870","3830973","24","1019533","6.4","17.6","288192","75.2","63.6","67.6","3.7"
"Oman","Asia","2008","71782","25720","58280"," ","7298"," "," ","534"," ","72.2","75.7","2.61"
"Italy ","Europe","2008","2193971","32400","576659","9.6","578192","9.7","0","1997","3.5","78.8","84.1","1.41"
"Åland Islands","Europe","2009"," ","1140","267","9.7","247","9","0.7"," "," ","79.4","84.1","1.68"
"Cuba","North_America","2007"," "," ","112472","10","81927","7.3","2.7","592","5.3","76","80","1.43"
"Malawi","Africa","2007","5621","870","626181"," ","206527"," "," "," "," ","45.7","48.3"," "
"Russian Federation ","Europe","2009","1857770","20560","1761687","12.4","2010543","14.2","-1.8","14271","8.1","62.8","74.7","1.54"
"Mongolia ","Asia","2010","8761","4290","63270","22.9","18293","6.6","16.3","1275","20.2","64.9","72.3","2.39"
"New Zealand ","Oceania","2011","159706","28930","61403","13.9","30082","6.8","7.1","290","4.7","79.1","82.8","2.06"
"Chile ","South_America","2010","248585","16330"," "," "," "," "," "," "," ","75.5","81.5",""
"Kazakhstan","Asia","2008","188050","11250","356575","22.7","152706","9.7","13","7322","20.5","61.9","72.4","2.68"
"Azerbaijan ","Asia","2010","63404","8960","165643","18.3","53580","5.9","12.4","1843","11.1","70.9","76.1"," "
"Mauritius ","Africa","2010","11260","14330","15005","11.7","9131","7.1","4.6","187","12.5","69.5","76.7","1.47"
"Rwanda","Africa","2009","6375","1270","429065"," ","143538"," "," "," "," ","49.4","53.3","5.42"
"Serbia ","Europe","2010","45820","11540","68304","9.4","103211","14.2","-4.8","460","6.7","71.4","76.6","1.41"
"Poland ","Europe","2010","514496","20430","413300","10.8","378478","9.9","0.9","2057","5","72.1","80.6","1.38"
"Iceland ","Europe","2010","14026","31020","4907","15.4","2020","6.4","9.1","11"," ","79.5","83.5","2.2"
"Faeroe Islands ","Europe","2008","2198"," ","665","13.7","378","7.8","5.9"," "," ","76.8","82.3",""
"Czech Republic ","Europe","2010","217027","24370","117153","11.1","106844","10.2","1","313","2.7","74.4","80.6","1.49"
"Argentina","South_America","2010","446044","17130","756176","18.7","318602","7.9","10.8","8961","11.9","71.6","79.1","2.39"
"Paraguay","South_America","2010","23837","5390"," "," "," "," "," "," "," ","69.7","73.9",""
"South Africa","Africa","2009","408237","10710","1000741"," ","572673"," "," "," "," ","53.5","57.2","2.38"
"Georgia","Asia","2009","14367","5350","63377","14.4","46625","10.6","3.8","945","14.9","69.9","78.7"," "
"Jordan ","Asia","2007","28840","5930","185011","32.3","20924"," "," "," "," ","71.6","74.4","3.6"
"Turkey ","Asia","2009","774983","16940","1254946","17.4","367971"," "," ","19431","15.5","71.5","76.1","2.12"
"Sweden ","Europe","2010","539682","42200","115641","12.3","90487","9.6","2.7","294","2.5","79.5","83.5","1.99"
"Hungary ","Europe","2010","140029","20310","90335","9","130456","13","-4","481","5.3","70.5","78.1","1.26"
"Norway ","Europe","2010","485803","61460","61442","12.6","41499","8.5","4.1","171","2.8","78.9","83.2","1.95"
"China, Hong Kong SAR ","Asia","2009","248612","8390","82095","11.7","41175","5.9","5.8","136","1.7","79.7","85.9","1.04"
"Greece ","Europe","2009","289627","25100","117933","10.5","108316","9.6","0.9","371","3.1","77.7","82.8","1.52"
"Egypt ","Africa","2011","229531","8510","2442094","30.4","493096","6.1","24.2"," "," ","68.6","71.4"," "
"Republic of Moldova ","Europe","2010","7000","86440","40474","11.4","43631","12.2","-0.9","476","11.8","65","73.4","1.31"
"Saint Helena ","Africa","2009"," ","1270","35","8.5","41","9.9","-1.5"," "," ","72.5","79.2"," "
"Nepal ","Asia","2008","18884","1260"," "," "," "," "," "," "," ","63.6","64.5"," "
"Senegal ","Africa","2011","14291","1940"," "," "," "," "," "," "," ","56.9","59.8"," "
"Venezuela (Bolivarian Republic of) ","South_America","2007","316482","4330","615371","22.4","118594","4.3","18.1","6340","10.3","70.7","76.6","2.58"
"French Guiana","South_America","2007","2577","35910","6386","30","690","3.2","26.7","77","12.1","75.1","80.8",""
"Switzerland ","Europe","2010","659308","52570","80290","10.3","62649","8","2.3","307","3.8","79.9","84.4","1.54"
"Lithuania ","Europe","2010","42725","19640","35626","10.8","42120","12.8","-2","153","4.3","68","78.8","1.55"
